{
	"info": {
		"_postman_id": "0bf8e427-9436-4ef2-9cab-7b11e3d9cf53",
		"name": "Backend",
		"schema": "https://schema.getpostman.com/json/collection/v2.1.0/collection.json",
		"_exporter_id": "39155157"
	},
	"item": [
		{
			"name": "GetBookingscombined",
			"request": {
				"method": "GET",
				"header": [],
				"url": {
					"raw": "http://localhost:8080/api/v1/bookingscombined",
					"protocol": "http",
					"host": [
						"localhost"
					],
					"port": "8080",
					"path": [
						"api",
						"v1",
						"bookingscombined"
					]
				}
			},
			"response": []
		},
		{
			"name": "GetCabs",
			"request": {
				"method": "GET",
				"header": [],
				"url": {
					"raw": "http://localhost:8080/api/v1/cabs",
					"protocol": "http",
					"host": [
						"localhost"
					],
					"port": "8080",
					"path": [
						"api",
						"v1",
						"cabs"
					]
				}
			},
			"response": []
		},
		{
			"name": "GetFeedbacks",
			"request": {
				"method": "GET",
				"header": [],
				"url": {
					"raw": "http://localhost:8080/api/v1/feedbacks",
					"protocol": "http",
					"host": [
						"localhost"
					],
					"port": "8080",
					"path": [
						"api",
						"v1",
						"feedbacks"
					]
				}
			},
			"response": []
		},
		{
			"name": "GetPayments",
			"request": {
				"method": "GET",
				"header": [],
				"url": {
					"raw": "http://localhost:8080/api/v1/payments",
					"protocol": "http",
					"host": [
						"localhost"
					],
					"port": "8080",
					"path": [
						"api",
						"v1",
						"payments"
					]
				}
			},
			"response": []
		},
		{
			"name": "GetTrips",
			"request": {
				"method": "GET",
				"header": [],
				"url": {
					"raw": "http://localhost:8080/api/v1/trips",
					"protocol": "http",
					"host": [
						"localhost"
					],
					"port": "8080",
					"path": [
						"api",
						"v1",
						"trips"
					]
				}
			},
			"response": []
		}
	]
}